name,block,permutation,mean,std,count
LinearSVM__snapshot__original,channel_snapshot,between_channels,0.0015183002985563504,0.0013145107104844465,10
LinearSVM__snapshot__original,description,within_channel,-0.00015359817811948993,0.0003216152943148007,10
LinearSVM__snapshot__original,duration,within_channel,1.604399882435513e-05,0.0004660362261313476,10
LinearSVM__snapshot__original,publication_time,within_channel,-0.0002077297638224982,0.000598883050930299,10
LinearSVM__snapshot__original,tags,within_channel,-0.0007916269904774481,0.0017238197050923388,10
LinearSVM__snapshot__original,title,within_channel,0.00019415565847461755,0.00029634535574370614,10
RandomForest__snapshot__original,channel_snapshot,between_channels,0.00559136134368293,0.0026643778246046596,10
RandomForest__snapshot__original,description,within_channel,0.0023304204345521084,0.0006255666927873083,10
RandomForest__snapshot__original,duration,within_channel,0.006227201550566368,0.0012723996929001127,10
RandomForest__snapshot__original,publication_time,within_channel,0.0028562188909661574,0.0008102821682441908,10
RandomForest__snapshot__original,tags,within_channel,0.0012763095179679769,0.0011932038449657724,10
RandomForest__snapshot__original,title,within_channel,-0.0016193099657745911,0.0030338480255493027,10
XGBoost__snapshot__original,channel_snapshot,between_channels,0.004256945928274988,0.004368659644407443,10
XGBoost__snapshot__original,description,within_channel,-0.0009373925524902085,0.0010361649652120917,10
XGBoost__snapshot__original,duration,within_channel,0.006262979248214409,0.001173238905189464,10
XGBoost__snapshot__original,publication_time,within_channel,0.0036275703698798213,0.0011282869922600515,10
XGBoost__snapshot__original,tags,within_channel,0.000865239351139457,0.001122175073323945,10
XGBoost__snapshot__original,title,within_channel,-0.0007674039904707136,0.0018264647360365872,10
