name,metric,estimate,lower_95,upper_95,valid_replicates,skipped
XGBoost__snapshot__original,average_precision,0.030411940099160366,0.01900378999024156,0.05225029841243172,1000,0
XGBoost__snapshot__original,f1,0.03898840885142255,0.03089194161570015,0.048056669910883136,1000,0
XGBoost__snapshot__SMOTENC,average_precision,0.027258313031010298,0.019821378671529846,0.036187813406537116,1000,0
XGBoost__snapshot__SMOTENC,f1,0.041922290388548056,0.03239612449958304,0.05276522918307819,1000,0
RandomForest__snapshot__original,average_precision,0.028487218740090824,0.01801080635998474,0.044611572247360426,1000,0
RandomForest__snapshot__original,f1,0.04665959703075292,0.028375391663363246,0.06912362552528764,1000,0
RandomForest__snapshot__SMOTENC,average_precision,0.02385336828513822,0.017242150944576196,0.033989126517134635,1000,0
RandomForest__snapshot__SMOTENC,f1,0.04192546583850932,0.030856627028807454,0.05468143870295801,1000,0
LinearSVM__snapshot__original,average_precision,0.0228002560856208,0.016794164386999894,0.0334949812623881,1000,0
LinearSVM__snapshot__original,f1,0.04811715481171548,0.023082251082251082,0.075546996568647,1000,0
LinearSVM__snapshot__SMOTENC,average_precision,0.023174988729303736,0.01732574043080145,0.031531434508906296,1000,0
LinearSVM__snapshot__SMOTENC,f1,0.04596191726854892,0.027205527880443517,0.06497011205622226,1000,0
XGBoost__no_channel_stats__original,average_precision,0.025592431677892182,0.018015737822403875,0.03686740723542878,1000,0
XGBoost__no_channel_stats__original,f1,0.041463414634146344,0.03215616088595093,0.051891720646381784,1000,0
RandomForest__no_channel_stats__original,average_precision,0.023038502999116715,0.01682330037109534,0.03229563459588163,1000,0
RandomForest__no_channel_stats__original,f1,0.03840472673559823,0.011852526958056718,0.06321934929836606,1000,0
LinearSVM__no_channel_stats__original,average_precision,0.02505355796096899,0.019104683653699595,0.03714727518698716,1000,0
LinearSVM__no_channel_stats__original,f1,0.03845647306729883,0.030346248331218136,0.04751292362937749,1000,0
