left,right,comparison,metric,difference,lower_95,upper_95,valid_replicates
XGBoost__snapshot__SMOTENC,XGBoost__snapshot__original,SMOTENC minus original,average_precision,-0.003153627068150068,-0.022271793188446732,0.006480979339280858,1000
XGBoost__snapshot__SMOTENC,XGBoost__snapshot__original,SMOTENC minus original,f1,0.002933881537125503,-0.0015371627133400085,0.007882368374665884,1000
XGBoost__no_channel_stats__original,XGBoost__snapshot__original,no_channel minus snapshot,average_precision,-0.004819508421268184,-0.021781579273086285,0.005122300448285624,1000
XGBoost__no_channel_stats__original,XGBoost__snapshot__original,no_channel minus snapshot,f1,0.002475005782723791,-0.002879491888998151,0.0084331197972591,1000
RandomForest__snapshot__SMOTENC,RandomForest__snapshot__original,SMOTENC minus original,average_precision,-0.004633850454952605,-0.015101602642973389,0.0026295862209738162,1000
RandomForest__snapshot__SMOTENC,RandomForest__snapshot__original,SMOTENC minus original,f1,-0.004734131192243599,-0.021022030229268414,0.008304010699798746,1000
RandomForest__no_channel_stats__original,RandomForest__snapshot__original,no_channel minus snapshot,average_precision,-0.005448715740974108,-0.017900209196785193,0.002578483493669216,1000
RandomForest__no_channel_stats__original,RandomForest__snapshot__original,no_channel minus snapshot,f1,-0.00825487029515469,-0.03416224236269083,0.012177832196093688,1000
LinearSVM__snapshot__SMOTENC,LinearSVM__snapshot__original,SMOTENC minus original,average_precision,0.00037473264368293596,-0.004850969332174293,0.0014068731122359813,1000
LinearSVM__snapshot__SMOTENC,LinearSVM__snapshot__original,SMOTENC minus original,f1,-0.0021552375431665646,-0.018056580203994508,0.010315297865002413,1000
LinearSVM__no_channel_stats__original,LinearSVM__snapshot__original,no_channel minus snapshot,average_precision,0.002253301875348189,-0.004786331877906803,0.009809450920553285,1000
LinearSVM__no_channel_stats__original,LinearSVM__snapshot__original,no_channel minus snapshot,f1,-0.00966068174441665,-0.03470453318075606,0.01307822390806799,1000
